id,source,bet_type,league,season,opened_at,kickoff,hours_to_kickoff,home,away,market,odds,odds_fetched_at,model_p,model_p_base,edge,threshold,stake,news_applied,model_ref,look,player,player_id,team,line,side,position,portfolio,rule,p_source,strategy,started,actual,close_odds,close_fetched_at,close_minutes_before,clv_dk,beat_close_dk,clv_pinnacle,status,score,profit,settled_at
E0|2526|Liverpool|Bournemouth,backtest,match,E0,2526,2025-08-13T19:00:00+00:00,2025-08-15T19:00:00+00:00,48.0,Liverpool,Bournemouth,away,8.5,2025-08-13T18:55:38+00:00,0.1755,0.1755,0.4918,0.12,10.0,False,"{'xg_weight': 0.7, 'matches_fit': 2280}",48h,,,,,,,moneyline,,,,,,8.5,2025-08-15T18:50:39+00:00,,-0.12500622071422773,,-0.1987422877328846,lost,4-2,-10.0,2025-08-15T19:00:00+00:00
E0|2526|Aston Villa|Newcastle,backtest,match,E0,2526,2025-08-14T11:31:00+00:00,2025-08-16T11:31:00+00:00,48.0,Aston Villa,Newcastle,away,3.0,2025-08-14T11:25:38+00:00,0.3863,0.3863,0.1588,0.12,10.0,False,"{'xg_weight': 0.7, 'matches_fit': 2280}",48h,,,,,,,moneyline,,,,,,2.95,2025-08-16T11:20:38+00:00,,-0.028247280929425744,,-0.05462006154502452,lost,0-0,-10.0,2025-08-16T11:31:00+00:00
E0|2526|Brighton|Fulham,backtest,match,E0,2526,2025-08-14T14:00:00+00:00,2025-08-16T14:00:00+00:00,48.0,Brighton,Fulham,away,3.75,2025-08-14T13:55:38+00:00,0.31,0.31,0.1627,0.12,10.0,False,"{'xg_weight': 0.7, 'matches_fit': 2280}",48h,,,,,,,moneyline,,,,,,4.2,2025-08-16T13:50:38+00:00,,-0.1699146045359965,,-0.15423619475164774,lost,1-1,-10.0,2025-08-16T14:00:00+00:00
E0|2526|Tottenham|Burnley,backtest,match,E0,2526,2025-08-14T14:00:00+00:00,2025-08-16T14:00:00+00:00,48.0,Tottenham,Burnley,away,8.5,2025-08-14T13:55:38+00:00,0.1911,0.1911,0.6243,0.12,10.0,False,"{'xg_weight': 0.7, 'matches_fit': 2280}",48h,,,,,,,moneyline,,,,,,6.5,2025-08-16T13:50:38+00:00,,0.19389128544755851,,0.19997451528329613,lost,3-0,-10.0,2025-08-16T14:00:00+00:00
E0|2526|Chelsea|Crystal Palace,backtest,match,E0,2526,2025-08-15T13:00:00+00:00,2025-08-17T13:00:00+00:00,48.0,Chelsea,Crystal Palace,away,5.0,2025-08-15T12:55:38+00:00,0.2716,0.2716,0.3582,0.12,10.0,False,"{'xg_weight': 0.7, 'matches_fit': 2280}",48h,,,,,,,moneyline,,,,,,4.2,2025-08-17T12:50:38+00:00,,0.11220801684653914,,0.026268761743400537,lost,0-0,-10.0,2025-08-17T13:00:00+00:00
E0|2526|Nott'm Forest|Brentford,backtest,match,E0,2526,2025-08-15T13:00:00+00:00,2025-08-17T13:00:00+00:00,48.0,Nott'm Forest,Brentford,away,3.35,2025-08-15T12:55:38+00:00,0.3682,0.3682,0.2336,0.12,10.0,False,"{'xg_weight': 0.7, 'matches_fit': 2280}",48h,,,,,,,moneyline,,,,,,4.2,2025-08-17T12:50:38+00:00,,-0.24684010565261572,,-0.11506085361107876,lost,3-1,-10.0,2025-08-17T13:00:00+00:00
E0|2526|Man United|Arsenal,backtest,match,E0,2526,2025-08-15T15:30:00+00:00,2025-08-17T15:30:00+00:00,48.0,Man United,Arsenal,away,2.0,2025-08-15T15:25:39+00:00,0.5935,0.5935,0.187,0.12,10.0,False,"{'xg_weight': 0.7, 'matches_fit': 2280}",48h,,,,,,,moneyline,,,,,,1.91,2025-08-17T15:20:38+00:00,,0.009022721102054376,,-0.02228975842501213,won,0-1,10.0,2025-08-17T15:30:00+00:00
E0|2526|West Ham|Chelsea,backtest,match,E0,2526,2025-08-20T19:00:00+00:00,2025-08-22T19:00:00+00:00,48.0,West Ham,Chelsea,home,4.8,2025-08-20T18:55:39+00:00,0.2473,0.2473,0.1873,0.12,10.0,False,"{'xg_weight': 0.7, 'matches_fit': 2280}",48h,,,,,,,moneyline,,,,,,4.8,2025-08-22T18:50:39+00:00,,-0.07093117213397937,,-0.11449236095925963,lost,1-5,-10.0,2025-08-22T19:00:00+00:00
E0|2526|Brentford|Aston Villa,backtest,match,E0,2526,2025-08-21T14:00:00+00:00,2025-08-23T14:00:00+00:00,48.0,Brentford,Aston Villa,home,3.3,2025-08-21T13:55:39+00:00,0.4066,0.4066,0.3417,0.12,10.0,False,"{'xg_weight': 0.7, 'matches_fit': 2280}",48h,,,,,,,moneyline,,,,,,3.2,2025-08-23T13:50:39+00:00,,-0.02336190803644833,,-0.026866083850294098,won,1-0,23.0,2025-08-23T14:00:00+00:00
E0|2526|Everton|Brighton,backtest,match,E0,2526,2025-08-22T13:00:00+00:00,2025-08-24T13:00:00+00:00,48.0,Everton,Brighton,home,3.15,2025-08-22T12:55:39+00:00,0.3779,0.3779,0.1905,0.12,10.0,False,"{'xg_weight': 0.7, 'matches_fit': 2280}",48h,,,,,,,moneyline,,,,,,2.9,2025-08-24T12:50:38+00:00,,0.03234782625801169,,-0.02529261475073752,won,2-0,21.5,2025-08-24T13:00:00+00:00
E0|2526|Crystal Palace|Nott'm Forest,backtest,match,E0,2526,2025-08-24T10:00:00+00:00,2025-08-24T13:00:00+00:00,3.0,Crystal Palace,Nott'm Forest,home,2.45,2025-08-24T09:55:38+00:00,0.4588,0.4588,0.124,0.12,10.0,False,"{'xg_weight': 0.7, 'matches_fit': 2280}",3h,,,,,,,moneyline,,,,,,2.4,2025-08-24T12:50:38+00:00,,-0.019416301218879273,,-0.023453781087584114,lost,1-1,-10.0,2025-08-24T13:00:00+00:00
E0|2526|Fulham|Man United,backtest,match,E0,2526,2025-08-22T15:30:00+00:00,2025-08-24T15:30:00+00:00,48.0,Fulham,Man United,home,3.2,2025-08-22T15:25:39+00:00,0.4561,0.4561,0.4596,0.12,10.0,False,"{'xg_weight': 0.7, 'matches_fit': 2280}",48h,,,,,,,moneyline,,,,,,3.55,2025-08-24T15:20:38+00:00,,-0.15043311131964265,,-0.12257617459162518,lost,1-1,-10.0,2025-08-24T15:30:00+00:00
E0|2526|Chelsea|Fulham,backtest,match,E0,2526,2025-08-28T11:30:00+00:00,2025-08-30T11:30:00+00:00,48.0,Chelsea,Fulham,away,6.0,2025-08-28T11:25:39+00:00,0.2369,0.2369,0.4216,0.12,10.0,False,"{'xg_weight': 0.7, 'matches_fit': 2280}",48h,,,,,,,moneyline,,,,,,5.25,2025-08-30T11:20:39+00:00,,0.05647892812396771,,0.03518434034199247,lost,2-0,-10.0,2025-08-30T11:30:00+00:00
E0|2526|Tottenham|Bournemouth,backtest,match,E0,2526,2025-08-28T14:00:00+00:00,2025-08-30T14:00:00+00:00,48.0,Tottenham,Bournemouth,away,4.4,2025-08-28T13:55:39+00:00,0.3896,0.3896,0.7145,0.12,10.0,False,"{'xg_weight': 0.7, 'matches_fit': 2280}",48h,,,,,,,moneyline,,,,,,3.9,2025-08-30T13:50:38+00:00,,0.06446524268232467,,0.06859595112722983,won,0-1,34.0,2025-08-30T14:00:00+00:00
E0|2526|Man United|Burnley,backtest,match,E0,2526,2025-08-28T14:00:00+00:00,2025-08-30T14:00:00+00:00,48.0,Man United,Burnley,away,8.0,2025-08-28T13:55:39+00:00,0.2113,0.2113,0.69,0.12,10.0,False,"{'xg_weight': 0.7, 'matches_fit': 2280}",48h,,,,,,,moneyline,,,,,,7.5,2025-08-30T13:50:38+00:00,,-0.06231829502623931,,-0.07599689530970466,lost,3-2,-10.0,2025-08-30T14:00:00+00:00
E0|2526|Aston Villa|Crystal Palace,backtest,match,E0,2526,2025-08-29T18:00:00+00:00,2025-08-31T18:00:00+00:00,48.0,Aston Villa,Crystal Palace,away,4.3,2025-08-29T17:55:39+00:00,0.3124,0.3124,0.3432,0.12,10.0,False,"{'xg_weight': 0.7, 'matches_fit': 2280}",48h,,,,,,,moneyline,,,,,,3.7,2025-08-31T17:50:37+00:00,,0.09747442795441907,,0.04198251261972463,won,0-3,33.0,2025-08-31T18:00:00+00:00
E0|2526|Bournemouth|Brighton,backtest,match,E0,2526,2025-09-11T14:00:00+00:00,2025-09-13T14:00:00+00:00,48.0,Bournemouth,Brighton,home,2.4,2025-09-11T13:55:39+00:00,0.4806,0.4806,0.1535,0.12,10.0,False,"{'xg_weight': 0.7, 'matches_fit': 2280}",48h,,,,,,,moneyline,,,,,,2.4,2025-09-13T13:50:39+00:00,,-0.04466971379400775,,-0.05134412269309663,won,2-1,14.0,2025-09-13T14:00:00+00:00
E0|2526|Newcastle|Wolves,backtest,match,E0,2526,2025-09-13T11:00:00+00:00,2025-09-13T14:00:00+00:00,3.0,Newcastle,Wolves,away,8.0,2025-09-13T10:55:39+00:00,0.149,0.149,0.1919,0.12,10.0,False,"{'xg_weight': 0.7, 'matches_fit': 2280}",3h,,,,,,,moneyline,,,,,,9.0,2025-09-13T13:50:39+00:00,,-0.2123501885158896,,-0.20158306595444853,lost,1-0,-10.0,2025-09-13T14:00:00+00:00
E0|2526|West Ham|Tottenham,backtest,match,E0,2526,2025-09-11T16:30:00+00:00,2025-09-13T16:30:00+00:00,48.0,West Ham,Tottenham,home,3.4,2025-09-11T16:25:40+00:00,0.337,0.337,0.1456,0.12,10.0,False,"{'xg_weight': 0.7, 'matches_fit': 2280}",48h,,,,,,,moneyline,,,,,,3.4,2025-09-13T16:20:39+00:00,,-0.04891050989777468,,-0.04210211161701927,lost,0-3,-10.0,2025-09-13T16:30:00+00:00
E0|2526|Brentford|Chelsea,backtest,match,E0,2526,2025-09-11T19:00:00+00:00,2025-09-13T19:00:00+00:00,48.0,Brentford,Chelsea,home,4.5,2025-09-11T18:55:39+00:00,0.3448,0.3448,0.5518,0.12,10.0,False,"{'xg_weight': 0.7, 'matches_fit': 2280}",48h,,,,,,,moneyline,,,,,,4.3,2025-09-13T18:50:39+00:00,,-0.016109843790754086,,0.029462170501125096,lost,2-2,-10.0,2025-09-13T19:00:00+00:00
E0|2526|Man City|Man United,backtest,match,E0,2526,2025-09-12T15:30:00+00:00,2025-09-14T15:30:00+00:00,48.0,Man City,Man United,home,1.77,2025-09-12T15:25:39+00:00,0.6365,0.6365,0.1265,0.12,10.0,False,"{'xg_weight': 0.7, 'matches_fit': 2280}",48h,,,,,,,moneyline,,,,,,1.67,2025-09-14T15:20:38+00:00,,0.024289190584336096,,-0.022395608381236665,won,3-0,7.7,2025-09-14T15:30:00+00:00
E0|2526|West Ham|Crystal Palace,backtest,match,E0,2526,2025-09-18T14:00:00+00:00,2025-09-20T14:00:00+00:00,48.0,West Ham,Crystal Palace,away,2.4,2025-09-18T13:55:39+00:00,0.4805,0.4805,0.1531,0.12,10.0,False,"{'xg_weight': 0.7, 'matches_fit': 2280}",48h,,,,,,,moneyline,,,,,,2.35,2025-09-20T13:50:39+00:00,,-0.01888062262596335,,0.001649704767611837,won,1-2,14.0,2025-09-20T14:00:00+00:00
E0|2526|Man United|Chelsea,backtest,match,E0,2526,2025-09-18T16:30:00+00:00,2025-09-20T16:30:00+00:00,48.0,Man United,Chelsea,away,2.45,2025-09-18T16:25:39+00:00,0.4659,0.4659,0.1414,0.12,10.0,False,"{'xg_weight': 0.7, 'matches_fit': 2280}",48h,,,,,,,moneyline,,,,,,2.5,2025-09-20T16:20:39+00:00,,-0.06952323079910694,,-0.07368842154345201,lost,2-1,-10.0,2025-09-20T16:30:00+00:00
E0|2526|Fulham|Brentford,backtest,match,E0,2526,2025-09-18T19:00:00+00:00,2025-09-20T19:00:00+00:00,48.0,Fulham,Brentford,away,3.7,2025-09-18T18:55:39+00:00,0.3437,0.3437,0.2717,0.12,10.0,False,"{'xg_weight': 0.7, 'matches_fit': 2280}",48h,,,,,,,moneyline,,,,,,3.55,2025-09-20T18:50:39+00:00,,-0.010874735175809613,,-0.03461560959587706,lost,3-1,-10.0,2025-09-20T19:00:00+00:00
E0|2526|Brentford|Man United,backtest,match,E0,2526,2025-09-25T11:30:00+00:00,2025-09-27T11:30:00+00:00,48.0,Brentford,Man United,home,3.4,2025-09-25T11:25:40+00:00,0.4749,0.4749,0.6148,0.12,10.0,False,"{'xg_weight': 0.7, 'matches_fit': 2280}",48h,,,,,,,moneyline,,,,,,3.35,2025-09-27T11:20:39+00:00,,-0.03418366163542841,,-0.028172106616025427,won,3-1,24.0,2025-09-27T11:30:00+00:00
E0|2526|Man City|Burnley,backtest,match,E0,2526,2025-09-25T14:00:00+00:00,2025-09-27T14:00:00+00:00,48.0,Man City,Burnley,draw,8.0,2025-09-25T13:55:39+00:00,0.1441,0.1441,0.1525,0.12,10.0,False,"{'xg_weight': 0.7, 'matches_fit': 2280}",48h,,,,,,,moneyline,,,,,,7.5,2025-09-27T13:50:40+00:00,,-0.05274769201973806,,-0.010025629204157838,lost,5-1,-10.0,2025-09-27T14:00:00+00:00
E0|2526|Tottenham|Wolves,backtest,match,E0,2526,2025-09-25T19:00:00+00:00,2025-09-27T19:00:00+00:00,48.0,Tottenham,Wolves,away,6.0,2025-09-25T18:55:40+00:00,0.228,0.228,0.3682,0.12,10.0,False,"{'xg_weight': 0.7, 'matches_fit': 2280}",48h,,,,,,,moneyline,,,,,,6.5,2025-09-27T18:55:38+00:00,,-0.15725321027231165,,-0.01998540544755012,lost,1-1,-10.0,2025-09-27T19:00:00+00:00
E0|2526|Everton|West Ham,backtest,match,E0,2526,2025-09-27T19:00:00+00:00,2025-09-29T19:00:00+00:00,48.0,Everton,West Ham,away,5.0,2025-09-27T18:55:38+00:00,0.2254,0.2254,0.1268,0.12,10.0,False,"{'xg_weight': 0.7, 'matches_fit': 2280}",48h,,,,,,,moneyline,,,,,,5.25,2025-09-29T18:50:39+00:00,,-0.11960089323002676,,-0.1352218796882111,lost,1-1,-10.0,2025-09-29T19:00:00+00:00
E0|2526|Leeds|Tottenham,backtest,match,E0,2526,2025-10-02T11:30:00+00:00,2025-10-04T11:30:00+00:00,48.0,Leeds,Tottenham,home,2.75,2025-10-02T11:25:39+00:00,0.4106,0.4106,0.1292,0.12,10.0,False,"{'xg_weight': 0.7, 'matches_fit': 2280}",48h,,,,,,,moneyline,,,,,,2.75,2025-10-04T11:20:39+00:00,,-0.04747442315395378,,-0.033446732905676235,lost,1-2,-10.0,2025-10-04T11:30:00+00:00
E0|2526|Man United|Sunderland,backtest,match,E0,2526,2025-10-02T14:00:00+00:00,2025-10-04T14:00:00+00:00,48.0,Man United,Sunderland,away,6.0,2025-10-02T13:55:39+00:00,0.3152,0.3152,0.8911,0.12,10.0,False,"{'xg_weight': 0.7, 'matches_fit': 2280}",48h,,,,,,,moneyline,,,,,,5.25,2025-10-04T13:50:39+00:00,,0.055254190890160704,,-0.025898498529995484,lost,2-0,-10.0,2025-10-04T14:00:00+00:00
E0|2526|Newcastle|Nott'm Forest,backtest,match,E0,2526,2025-10-03T13:00:00+00:00,2025-10-05T13:00:00+00:00,48.0,Newcastle,Nott'm Forest,away,5.5,2025-10-03T12:55:39+00:00,0.2057,0.2057,0.1312,0.12,10.0,False,"{'xg_weight': 0.7, 'matches_fit': 2280}",48h,,,,,,,moneyline,,,,,,6.0,2025-10-05T12:50:38+00:00,,-0.1720766145932151,,-0.12343049572216525,lost,2-0,-10.0,2025-10-05T13:00:00+00:00
E0|2526|Brentford|Man City,backtest,match,E0,2526,2025-10-03T15:30:00+00:00,2025-10-05T15:30:00+00:00,48.0,Brentford,Man City,home,4.7,2025-10-03T15:25:39+00:00,0.2756,0.2756,0.2952,0.12,10.0,False,"{'xg_weight': 0.7, 'matches_fit': 2280}",48h,,,,,,,moneyline,,,,,,5.25,2025-10-05T15:20:38+00:00,,-0.17649994897733057,,-0.11253595500673397,lost,0-1,-10.0,2025-10-05T15:30:00+00:00
E0|2526|Man City|Everton,backtest,match,E0,2526,2025-10-16T14:00:00+00:00,2025-10-18T14:00:00+00:00,48.0,Man City,Everton,away,7.5,2025-10-16T13:55:40+00:00,0.1664,0.1664,0.2481,0.12,10.0,False,"{'xg_weight': 0.7, 'matches_fit': 2280}",48h,,,,,,,moneyline,,,,,,8.5,2025-10-18T13:50:39+00:00,,-0.2193298081279671,,-0.16913425171146979,lost,2-0,-10.0,2025-10-18T14:00:00+00:00
E0|2526|Crystal Palace|Bournemouth,backtest,match,E0,2526,2025-10-16T14:00:00+00:00,2025-10-18T14:00:00+00:00,48.0,Crystal Palace,Bournemouth,away,3.35,2025-10-16T13:55:40+00:00,0.3433,0.3433,0.1502,0.12,10.0,False,"{'xg_weight': 0.7, 'matches_fit': 2280}",48h,,,,,,,moneyline,,,,,,3.6,2025-10-18T13:50:39+00:00,,-0.11803538312629047,,-0.06444341947347432,lost,3-3,-10.0,2025-10-18T14:00:00+00:00
E0|2526|Fulham|Arsenal,backtest,match,E0,2526,2025-10-16T16:30:00+00:00,2025-10-18T16:30:00+00:00,48.0,Fulham,Arsenal,draw,4.4,2025-10-16T16:25:39+00:00,0.2567,0.2567,0.1295,0.12,10.0,False,"{'xg_weight': 0.7, 'matches_fit': 2280}",48h,,,,,,,moneyline,,,,,,4.1,2025-10-18T16:20:39+00:00,,0.007296011135527136,,0.021812369507822504,lost,0-1,-10.0,2025-10-18T16:30:00+00:00
E0|2526|Tottenham|Aston Villa,backtest,match,E0,2526,2025-10-17T13:00:00+00:00,2025-10-19T13:00:00+00:00,48.0,Tottenham,Aston Villa,away,3.45,2025-10-17T12:55:39+00:00,0.3588,0.3588,0.238,0.12,10.0,False,"{'xg_weight': 0.7, 'matches_fit': 2280}",48h,,,,,,,moneyline,,,,,,3.45,2025-10-19T12:50:39+00:00,,-0.047236492075084846,,0.024233008124639355,won,1-2,24.5,2025-10-19T13:00:00+00:00
E0|2526|Liverpool|Man United,backtest,match,E0,2526,2025-10-17T15:30:00+00:00,2025-10-19T15:30:00+00:00,48.0,Liverpool,Man United,home,1.62,2025-10-17T15:25:40+00:00,0.6987,0.6987,0.1318,0.12,10.0,False,"{'xg_weight': 0.7, 'matches_fit': 2280}",48h,,,,,,,moneyline,,,,,,1.67,2025-10-19T15:20:38+00:00,,-0.06396567213991833,,-0.027510834346441748,lost,1-2,-10.0,2025-10-19T15:30:00+00:00
E0|2526|West Ham|Brentford,backtest,match,E0,2526,2025-10-18T19:00:00+00:00,2025-10-20T19:00:00+00:00,48.0,West Ham,Brentford,away,2.85,2025-10-18T18:55:39+00:00,0.4644,0.4644,0.3234,0.12,10.0,False,"{'xg_weight': 0.7, 'matches_fit': 2280}",48h,,,,,,,moneyline,,,,,,2.8,2025-10-20T16:31:34+00:00,,-0.02497720215418653,,-0.043102000355177084,won,0-2,18.5,2025-10-20T19:00:00+00:00
E0|2526|Chelsea|Sunderland,backtest,match,E0,2526,2025-10-23T14:00:00+00:00,2025-10-25T14:00:00+00:00,48.0,Chelsea,Sunderland,away,7.5,2025-10-23T13:55:39+00:00,0.206,0.206,0.5447,0.12,10.0,False,"{'xg_weight': 0.7, 'matches_fit': 2280}",48h,,,,,,,moneyline,,,,,,7.0,2025-10-25T13:50:38+00:00,,-0.04377573726573003,,-0.10695430607679668,won,1-2,65.0,2025-10-25T14:00:00+00:00
E0|2526|Newcastle|Fulham,backtest,match,E0,2526,2025-10-23T14:00:00+00:00,2025-10-25T14:00:00+00:00,48.0,Newcastle,Fulham,away,5.5,2025-10-23T13:55:39+00:00,0.2236,0.2236,0.2298,0.12,10.0,False,"{'xg_weight': 0.7, 'matches_fit': 2280}",48h,,,,,,,moneyline,,,,,,5.5,2025-10-25T13:50:38+00:00,,-0.07515518533778476,,-0.1290728114451093,lost,2-1,-10.0,2025-10-25T14:00:00+00:00
E0|2526|Man United|Brighton,backtest,match,E0,2526,2025-10-23T16:30:00+00:00,2025-10-25T16:30:00+00:00,48.0,Man United,Brighton,away,3.35,2025-10-23T16:25:39+00:00,0.3557,0.3557,0.1916,0.12,10.0,False,"{'xg_weight': 0.7, 'matches_fit': 2280}",48h,,,,,,,moneyline,,,,,,3.5,2025-10-25T16:20:39+00:00,,-0.09128759591635394,,-0.09264649323867868,lost,4-2,-10.0,2025-10-25T16:30:00+00:00
E0|2526|Arsenal|Crystal Palace,backtest,match,E0,2526,2025-10-24T14:00:00+00:00,2025-10-26T14:00:00+00:00,48.0,Arsenal,Crystal Palace,away,7.5,2025-10-24T12:55:39+00:00,0.1562,0.1562,0.1713,0.12,10.0,False,"{'xg_weight': 0.7, 'matches_fit': 2280}",48h,,,,,,,moneyline,,,,,,8.5,2025-10-26T12:50:38+00:00,,-0.21117273020682226,,-0.22952906441095688,lost,1-0,-10.0,2025-10-26T14:00:00+00:00
E0|2526|Aston Villa|Man City,backtest,match,E0,2526,2025-10-26T11:00:00+00:00,2025-10-26T14:00:00+00:00,3.0,Aston Villa,Man City,home,4.5,2025-10-26T09:55:38+00:00,0.269,0.269,0.2105,0.12,10.0,False,"{'xg_weight': 0.7, 'matches_fit': 2280}",3h,,,,,,,moneyline,,,,,,4.4,2025-10-26T12:50:38+00:00,,-0.043656797603980446,,0.010658323004509196,won,1-0,35.0,2025-10-26T14:00:00+00:00
E0|2526|Nott'm Forest|Man United,backtest,match,E0,2526,2025-10-30T15:00:00+00:00,2025-11-01T15:00:00+00:00,48.0,Nott'm Forest,Man United,home,3.35,2025-10-30T14:55:39+00:00,0.3728,0.3728,0.2487,0.12,10.0,False,"{'xg_weight': 0.7, 'matches_fit': 2280}",48h,,,,,,,moneyline,,,,,,3.25,2025-11-01T14:50:39+00:00,,-0.016836836130750932,,-0.0681953800627062,lost,2-2,-10.0,2025-11-01T15:00:00+00:00
E0|2526|Brighton|Leeds,backtest,match,E0,2526,2025-10-30T15:00:00+00:00,2025-11-01T15:00:00+00:00,48.0,Brighton,Leeds,away,4.1,2025-10-30T14:55:39+00:00,0.3126,0.3126,0.2816,0.12,10.0,False,"{'xg_weight': 0.7, 'matches_fit': 2280}",48h,,,,,,,moneyline,,,,,,3.85,2025-11-01T14:50:39+00:00,,0.0007249495243530912,,0.024434361657688752,lost,3-0,-10.0,2025-11-01T15:00:00+00:00
E0|2526|Crystal Palace|Brentford,backtest,match,E0,2526,2025-10-30T15:00:00+00:00,2025-11-01T15:00:00+00:00,48.0,Crystal Palace,Brentford,away,3.9,2025-10-30T14:55:39+00:00,0.2959,0.2959,0.1542,0.12,10.0,False,"{'xg_weight': 0.7, 'matches_fit': 2280}",48h,,,,,,,moneyline,,,,,,3.6,2025-11-01T14:50:39+00:00,,0.02021410558781045,,-0.011633159250331926,lost,2-0,-10.0,2025-11-01T15:00:00+00:00
E0|2526|Man City|Bournemouth,backtest,match,E0,2526,2025-10-31T16:30:00+00:00,2025-11-02T16:30:00+00:00,48.0,Man City,Bournemouth,away,5.75,2025-10-31T16:25:39+00:00,0.2249,0.2249,0.293,0.12,10.0,False,"{'xg_weight': 0.7, 'matches_fit': 2280}",48h,,,,,,,moneyline,,,,,,6.5,2025-11-02T16:20:38+00:00,,-0.2022724976794239,,-0.20879390655592123,lost,3-1,-10.0,2025-11-02T16:30:00+00:00
E0|2526|Sunderland|Everton,backtest,match,E0,2526,2025-11-03T17:00:00+00:00,2025-11-03T20:00:00+00:00,3.0,Sunderland,Everton,home,2.9,2025-11-03T16:55:38+00:00,0.3989,0.3989,0.1567,0.12,10.0,False,"{'xg_weight': 0.7, 'matches_fit': 2280}",3h,,,,,,,moneyline,,,,,,3.2,2025-11-03T19:50:37+00:00,,-0.1458380161695828,,-0.15174024579452516,lost,1-1,-10.0,2025-11-03T20:00:00+00:00
E0|2526|Tottenham|Man United,backtest,match,E0,2526,2025-11-06T12:31:00+00:00,2025-11-08T12:31:00+00:00,48.0,Tottenham,Man United,home,2.8,2025-11-06T12:25:39+00:00,0.4224,0.4224,0.1827,0.12,10.0,False,"{'xg_weight': 0.7, 'matches_fit': 2280}",48h,,,,,,,moneyline,,,,,,2.9,2025-11-08T12:20:38+00:00,,-0.08222473546030118,,-0.09045159951566917,lost,2-2,-10.0,2025-11-08T12:31:00+00:00
E0|2526|Everton|Fulham,backtest,match,E0,2526,2025-11-06T15:00:00+00:00,2025-11-08T15:00:00+00:00,48.0,Everton,Fulham,away,3.45,2025-11-06T14:55:38+00:00,0.3332,0.3332,0.1495,0.12,10.0,False,"{'xg_weight': 0.7, 'matches_fit': 2280}",48h,,,,,,,moneyline,,,,,,3.2,2025-11-08T14:50:38+00:00,,0.011433158283430611,,-0.0005378993976462576,lost,2-0,-10.0,2025-11-08T15:00:00+00:00
E0|2526|West Ham|Burnley,backtest,match,E0,2526,2025-11-08T12:00:00+00:00,2025-11-08T15:00:00+00:00,3.0,West Ham,Burnley,away,4.4,2025-11-08T11:55:38+00:00,0.2615,0.2615,0.1504,0.12,10.0,False,"{'xg_weight': 0.7, 'matches_fit': 2280}",3h,,,,,,,moneyline,,,,,,4.3,2025-11-08T14:50:38+00:00,,-0.037195366821134224,,-0.049618485610394614,lost,3-2,-10.0,2025-11-08T15:00:00+00:00
E0|2526|Sunderland|Arsenal,backtest,match,E0,2526,2025-11-06T17:30:00+00:00,2025-11-08T17:30:00+00:00,48.0,Sunderland,Arsenal,home,8.0,2025-11-06T17:25:38+00:00,0.1874,0.1874,0.4991,0.12,10.0,False,"{'xg_weight': 0.7, 'matches_fit': 2280}",48h,,,,,,,moneyline,,,,,,7.5,2025-11-08T17:20:37+00:00,,-0.03629036557762988,,-0.06125114680889632,lost,2-2,-10.0,2025-11-08T17:30:00+00:00
E0|2526|Chelsea|Wolves,backtest,match,E0,2526,2025-11-06T20:00:00+00:00,2025-11-08T20:00:00+00:00,48.0,Chelsea,Wolves,away,8.0,2025-11-06T19:55:37+00:00,0.1429,0.1429,0.1429,0.12,10.0,False,"{'xg_weight': 0.7, 'matches_fit': 2280}",48h,,,,,,,moneyline,,,,,,8.5,2025-11-08T19:50:37+00:00,,-0.16330983995872528,,-0.194413115075876,lost,3-0,-10.0,2025-11-08T20:00:00+00:00
E0|2526|Aston Villa|Bournemouth,backtest,match,E0,2526,2025-11-07T14:00:00+00:00,2025-11-09T14:00:00+00:00,48.0,Aston Villa,Bournemouth,away,3.3,2025-11-07T13:55:38+00:00,0.363,0.363,0.1979,0.12,10.0,False,"{'xg_weight': 0.7, 'matches_fit': 2280}",48h,,,,,,,moneyline,,,,,,3.15,2025-11-09T13:50:37+00:00,,-0.0022074961751388233,,0.0005411558904095948,lost,4-0,-10.0,2025-11-09T14:00:00+00:00
E0|2526|Man City|Liverpool,backtest,match,E0,2526,2025-11-07T16:30:00+00:00,2025-11-09T16:30:00+00:00,48.0,Man City,Liverpool,away,3.65,2025-11-07T16:25:37+00:00,0.3405,0.3405,0.2427,0.12,10.0,False,"{'xg_weight': 0.7, 'matches_fit': 2280}",48h,,,,,,,moneyline,,,,,,3.7,2025-11-09T16:20:37+00:00,,-0.07107416856972004,,-0.08242721292314847,lost,3-0,-10.0,2025-11-09T16:30:00+00:00
E0|2526|Brighton|Brentford,backtest,match,E0,2526,2025-11-20T15:00:00+00:00,2025-11-22T15:00:00+00:00,48.0,Brighton,Brentford,away,3.85,2025-11-20T14:55:38+00:00,0.3335,0.3335,0.284,0.12,10.0,False,"{'xg_weight': 0.7, 'matches_fit': 2280}",48h,,,,,,,moneyline,,,,,,3.45,2025-11-22T14:50:38+00:00,,0.060892045888796265,,0.038728962907398135,lost,2-1,-10.0,2025-11-22T15:00:00+00:00
E0|2526|Newcastle|Man City,backtest,match,E0,2526,2025-11-20T17:30:00+00:00,2025-11-22T17:30:00+00:00,48.0,Newcastle,Man City,home,3.6,2025-11-20T17:25:38+00:00,0.3313,0.3313,0.1928,0.12,10.0,False,"{'xg_weight': 0.7, 'matches_fit': 2280}",48h,,,,,,,moneyline,,,,,,3.85,2025-11-22T17:20:37+00:00,,-0.12091588188541114,,-0.14026575941648756,won,2-1,26.0,2025-11-22T17:30:00+00:00
E0|2526|Man United|Everton,backtest,match,E0,2526,2025-11-22T20:00:00+00:00,2025-11-24T20:00:00+00:00,48.0,Man United,Everton,away,4.6,2025-11-22T19:55:37+00:00,0.2923,0.2923,0.3446,0.12,10.0,False,"{'xg_weight': 0.7, 'matches_fit': 2280}",48h,,,,,,,moneyline,,,,,,4.0,2025-11-24T19:50:38+00:00,,0.0769835271338486,,0.08506867198067947,won,0-1,36.0,2025-11-24T20:00:00+00:00
E0|2526|Man City|Leeds,backtest,match,E0,2526,2025-11-27T15:00:00+00:00,2025-11-29T15:00:00+00:00,48.0,Man City,Leeds,away,10.5,2025-11-27T14:55:38+00:00,0.1185,0.1185,0.2441,0.12,10.0,False,"{'xg_weight': 0.7, 'matches_fit': 2280}",48h,,,,,,,moneyline,,,,,,12.0,2025-11-29T14:50:38+00:00,,-0.2526559302651098,,-0.2975163693674755,lost,3-2,-10.0,2025-11-29T15:00:00+00:00
E0|2526|Tottenham|Fulham,backtest,match,E0,2526,2025-11-27T20:00:00+00:00,2025-11-29T20:00:00+00:00,48.0,Tottenham,Fulham,away,3.35,2025-11-27T19:55:38+00:00,0.336,0.336,0.1257,0.12,10.0,False,"{'xg_weight': 0.7, 'matches_fit': 2280}",48h,,,,,,,moneyline,,,,,,3.0,2025-11-29T19:50:38+00:00,,0.05825652232832046,,0.04309633360226117,won,1-2,23.5,2025-11-29T20:00:00+00:00
E0|2526|Crystal Palace|Man United,backtest,match,E0,2526,2025-11-28T12:00:00+00:00,2025-11-30T12:00:00+00:00,48.0,Crystal Palace,Man United,home,2.3,2025-11-28T11:55:37+00:00,0.5129,0.5129,0.1796,0.12,10.0,False,"{'xg_weight': 0.7, 'matches_fit': 2280}",48h,,,,,,,moneyline,,,,,,2.1,2025-11-30T11:50:37+00:00,,0.05808441225717309,,0.07519959328193138,lost,1-2,-10.0,2025-11-30T12:00:00+00:00
E0|2526|Aston Villa|Wolves,backtest,match,E0,2526,2025-11-28T14:05:00+00:00,2025-11-30T14:05:00+00:00,48.0,Aston Villa,Wolves,away,6.5,2025-11-28T14:00:39+00:00,0.1845,0.1845,0.199,0.12,10.0,False,"{'xg_weight': 0.7, 'matches_fit': 2280}",48h,,,,,,,moneyline,,,,,,6.5,2025-11-30T13:55:37+00:00,,-0.09555198034617696,,-0.1642950991495693,lost,1-0,-10.0,2025-11-30T14:05:00+00:00
E0|2526|West Ham|Liverpool,backtest,match,E0,2526,2025-11-28T14:05:00+00:00,2025-11-30T14:05:00+00:00,48.0,West Ham,Liverpool,away,1.74,2025-11-28T14:00:39+00:00,0.6595,0.6595,0.1476,0.12,10.0,False,"{'xg_weight': 0.7, 'matches_fit': 2280}",48h,,,,,,,moneyline,,,,,,1.59,2025-11-30T13:55:37+00:00,,0.05862562390600479,,0.0666863244605731,won,0-2,7.4,2025-11-30T14:05:00+00:00
E0|2526|Fulham|Man City,backtest,match,E0,2526,2025-11-30T19:30:00+00:00,2025-12-02T19:30:00+00:00,48.0,Fulham,Man City,home,4.8,2025-11-30T19:25:37+00:00,0.2627,0.2627,0.2609,0.12,10.0,False,"{'xg_weight': 0.7, 'matches_fit': 2280}",48h,,,,,,,moneyline,,,,,,5.0,2025-12-02T19:20:37+00:00,,-0.11104221417983151,,-0.1421372808144512,lost,4-5,-10.0,2025-12-02T19:30:00+00:00
E0|2526|Bournemouth|Everton,backtest,match,E0,2526,2025-12-02T16:30:00+00:00,2025-12-02T19:30:00+00:00,3.0,Bournemouth,Everton,home,2.2,2025-12-02T16:25:37+00:00,0.517,0.517,0.1374,0.12,10.0,False,"{'xg_weight': 0.7, 'matches_fit': 2280}",3h,,,,,,,moneyline,,,,,,2.25,2025-12-02T19:20:37+00:00,,-0.05491407191538822,,-0.0351265221645346,lost,0-1,-10.0,2025-12-02T19:30:00+00:00
E0|2526|Arsenal|Brentford,backtest,match,E0,2526,2025-12-01T19:30:00+00:00,2025-12-03T19:30:00+00:00,48.0,Arsenal,Brentford,away,8.5,2025-12-01T19:25:37+00:00,0.1434,0.1434,0.2192,0.12,10.0,False,"{'xg_weight': 0.7, 'matches_fit': 2280}",48h,,,,,,,moneyline,,,,,,7.5,2025-12-03T19:20:38+00:00,,0.014873810406188959,,-0.025566463944363238,lost,2-0,-10.0,2025-12-03T19:30:00+00:00
E0|2526|Liverpool|Sunderland,backtest,match,E0,2526,2025-12-03T17:15:00+00:00,2025-12-03T20:15:00+00:00,3.0,Liverpool,Sunderland,away,8.5,2025-12-03T17:10:37+00:00,0.1345,0.1345,0.1432,0.12,10.0,False,"{'xg_weight': 0.7, 'matches_fit': 2280}",3h,,,,,,,moneyline,,,,,,8.0,2025-12-03T20:05:39+00:00,,-0.05684546311912364,,-0.0855721354697705,lost,1-1,-10.0,2025-12-03T20:15:00+00:00
E0|2526|Man United|West Ham,backtest,match,E0,2526,2025-12-02T20:00:00+00:00,2025-12-04T20:00:00+00:00,48.0,Man United,West Ham,away,6.5,2025-12-02T19:55:38+00:00,0.1994,0.1994,0.2958,0.12,10.0,False,"{'xg_weight': 0.7, 'matches_fit': 2280}",48h,,,,,,,moneyline,,,,,,7.5,2025-12-04T19:50:38+00:00,,-0.2197140506612597,,-0.27147184042814443,lost,1-1,-10.0,2025-12-04T20:00:00+00:00
E0|2526|Man City|Sunderland,backtest,match,E0,2526,2025-12-04T15:00:00+00:00,2025-12-06T15:00:00+00:00,48.0,Man City,Sunderland,away,11.0,2025-12-04T14:55:38+00:00,0.1423,0.1423,0.5651,0.12,10.0,False,"{'xg_weight': 0.7, 'matches_fit': 2280}",48h,,,,,,,moneyline,,,,,,10.5,2025-12-06T14:50:38+00:00,,-0.0789027048598343,,-0.09862975689622255,lost,3-0,-10.0,2025-12-06T15:00:00+00:00
E0|2526|Tottenham|Brentford,backtest,match,E0,2526,2025-12-04T15:00:00+00:00,2025-12-06T15:00:00+00:00,48.0,Tottenham,Brentford,away,3.0,2025-12-04T14:55:38+00:00,0.397,0.397,0.1911,0.12,10.0,False,"{'xg_weight': 0.7, 'matches_fit': 2280}",48h,,,,,,,moneyline,,,,,,2.95,2025-12-06T14:50:38+00:00,,-0.024075140644316595,,-0.026314095289376116,lost,2-0,-10.0,2025-12-06T15:00:00+00:00
E0|2526|Bournemouth|Chelsea,backtest,match,E0,2526,2025-12-04T15:00:00+00:00,2025-12-06T15:00:00+00:00,48.0,Bournemouth,Chelsea,home,3.2,2025-12-04T14:55:38+00:00,0.3882,0.3882,0.2424,0.12,10.0,False,"{'xg_weight': 0.7, 'matches_fit': 2280}",48h,,,,,,,moneyline,,,,,,3.25,2025-12-06T14:50:38+00:00,,-0.06405959241227632,,-0.08137175029920107,lost,0-0,-10.0,2025-12-06T15:00:00+00:00
E0|2526|Wolves|Man United,backtest,match,E0,2526,2025-12-06T20:00:00+00:00,2025-12-08T20:00:00+00:00,48.0,Wolves,Man United,home,4.4,2025-12-06T19:55:39+00:00,0.2914,0.2914,0.2821,0.12,10.0,False,"{'xg_weight': 0.7, 'matches_fit': 2280}",48h,,,,,,,moneyline,,,,,,5.0,2025-12-08T19:50:37+00:00,,-0.18512202966484548,,-0.21781015113786695,lost,1-4,-10.0,2025-12-08T20:00:00+00:00
E0|2526|Arsenal|Wolves,backtest,match,E0,2526,2025-12-11T20:00:00+00:00,2025-12-13T20:00:00+00:00,48.0,Arsenal,Wolves,draw,8.5,2025-12-11T19:55:37+00:00,0.1516,0.1516,0.2889,0.12,10.0,False,"{'xg_weight': 0.7, 'matches_fit': 2280}",48h,,,,,,,moneyline,,,,,,9.0,2025-12-13T19:55:38+00:00,,-0.19168124373785822,,-0.17401389110555254,lost,2-1,-10.0,2025-12-13T20:00:00+00:00
E0|2526|Crystal Palace|Man City,backtest,match,E0,2526,2025-12-12T14:00:00+00:00,2025-12-14T14:00:00+00:00,48.0,Crystal Palace,Man City,home,3.95,2025-12-12T13:55:37+00:00,0.3154,0.3154,0.2459,0.12,10.0,False,"{'xg_weight': 0.7, 'matches_fit': 2280}",48h,,,,,,,moneyline,,,,,,4.1,2025-12-14T13:50:37+00:00,,-0.08743882456455743,,-0.09593165878352294,lost,0-3,-10.0,2025-12-14T14:00:00+00:00
E0|2526|Man United|Bournemouth,backtest,match,E0,2526,2025-12-13T20:00:00+00:00,2025-12-15T20:00:00+00:00,48.0,Man United,Bournemouth,away,3.8,2025-12-13T19:55:38+00:00,0.3532,0.3532,0.3421,0.12,10.0,False,"{'xg_weight': 0.7, 'matches_fit': 2280}",48h,,,,,,,moneyline,,,,,,4.0,2025-12-15T19:50:37+00:00,,-0.10806890985620188,,-0.13206993469219064,lost,4-4,-10.0,2025-12-15T20:00:00+00:00
E0|2526|Newcastle|Chelsea,backtest,match,E0,2526,2025-12-18T12:30:00+00:00,2025-12-20T12:30:00+00:00,48.0,Newcastle,Chelsea,home,2.75,2025-12-18T12:25:37+00:00,0.4152,0.4152,0.1417,0.12,10.0,False,"{'xg_weight': 0.7, 'matches_fit': 2280}",48h,,,,,,,moneyline,,,,,,2.75,2025-12-20T12:20:39+00:00,,-0.05317314164975262,,-0.0666300580696193,lost,2-2,-10.0,2025-12-20T12:30:00+00:00
E0|2526|Man City|West Ham,backtest,match,E0,2526,2025-12-18T15:00:00+00:00,2025-12-20T15:00:00+00:00,48.0,Man City,West Ham,draw,7.5,2025-12-18T14:55:37+00:00,0.1524,0.1524,0.1429,0.12,10.0,False,"{'xg_weight': 0.7, 'matches_fit': 2280}",48h,,,,,,,moneyline,,,,,,7.5,2025-12-20T14:50:38+00:00,,-0.10811079242450017,,-0.16051417674281243,lost,3-0,-10.0,2025-12-20T15:00:00+00:00
E0|2526|Brighton|Sunderland,backtest,match,E0,2526,2025-12-18T15:00:00+00:00,2025-12-20T15:00:00+00:00,48.0,Brighton,Sunderland,away,5.25,2025-12-18T14:55:37+00:00,0.2533,0.2533,0.3299,0.12,10.0,False,"{'xg_weight': 0.7, 'matches_fit': 2280}",48h,,,,,,,moneyline,,,,,,4.4,2025-12-20T14:50:38+00:00,,0.11727631010212036,,0.09512569943301186,lost,0-0,-10.0,2025-12-20T15:00:00+00:00
E0|2526|Tottenham|Liverpool,backtest,match,E0,2526,2025-12-18T17:30:00+00:00,2025-12-20T17:30:00+00:00,48.0,Tottenham,Liverpool,away,2.05,2025-12-18T17:25:37+00:00,0.5467,0.5467,0.1208,0.12,10.0,False,"{'xg_weight': 0.7, 'matches_fit': 2280}",48h,,,,,,,moneyline,,,,,,2.05,2025-12-20T17:20:37+00:00,,-0.035600090663115425,,-0.02200759176312994,won,1-2,10.5,2025-12-20T17:30:00+00:00
E0|2526|Everton|Arsenal,backtest,match,E0,2526,2025-12-20T17:00:00+00:00,2025-12-20T20:00:00+00:00,3.0,Everton,Arsenal,home,6.5,2025-12-20T16:55:37+00:00,0.1772,0.1772,0.1516,0.12,10.0,False,"{'xg_weight': 0.7, 'matches_fit': 2280}",3h,,,,,,,moneyline,,,,,,6.5,2025-12-20T19:55:37+00:00,,-0.08702431112833764,,-0.07719263390296882,lost,0-1,-10.0,2025-12-20T20:00:00+00:00
E0|2526|Nott'm Forest|Man City,backtest,match,E0,2526,2025-12-25T12:30:00+00:00,2025-12-27T12:30:00+00:00,48.0,Nott'm Forest,Man City,home,5.25,2025-12-25T12:25:38+00:00,0.2243,0.2243,0.1776,0.12,10.0,False,"{'xg_weight': 0.7, 'matches_fit': 2280}",48h,,,,,,,moneyline,,,,,,5.25,2025-12-27T12:20:37+00:00,,-0.07080791228221739,,-0.10152086698600205,lost,1-2,-10.0,2025-12-27T12:30:00+00:00
E0|2526|Burnley|Everton,backtest,match,E0,2526,2025-12-25T15:00:00+00:00,2025-12-27T15:00:00+00:00,48.0,Burnley,Everton,home,4.0,2025-12-25T14:55:37+00:00,0.2849,0.2849,0.1397,0.12,10.0,False,"{'xg_weight': 0.7, 'matches_fit': 2280}",48h,,,,,,,moneyline,,,,,,3.7,2025-12-27T14:50:37+00:00,,0.014837171764571222,,0.03482957971609468,lost,0-0,-10.0,2025-12-27T15:00:00+00:00
E0|2526|West Ham|Fulham,backtest,match,E0,2526,2025-12-25T15:00:00+00:00,2025-12-27T15:00:00+00:00,48.0,West Ham,Fulham,away,2.6,2025-12-25T14:55:37+00:00,0.4318,0.4318,0.1227,0.12,10.0,False,"{'xg_weight': 0.7, 'matches_fit': 2280}",48h,,,,,,,moneyline,,,,,,2.4,2025-12-27T14:50:37+00:00,,0.03807629597639628,,0.027681178704294762,won,0-1,16.0,2025-12-27T15:00:00+00:00
E0|2526|Crystal Palace|Tottenham,backtest,match,E0,2526,2025-12-26T16:30:00+00:00,2025-12-28T16:30:00+00:00,48.0,Crystal Palace,Tottenham,home,2.25,2025-12-26T16:25:37+00:00,0.5208,0.5208,0.1718,0.12,10.0,False,"{'xg_weight': 0.7, 'matches_fit': 2280}",48h,,,,,,,moneyline,,,,,,2.25,2025-12-28T16:20:37+00:00,,-0.03713881655681461,,-0.039005740642639175,lost,0-1,-10.0,2025-12-28T16:30:00+00:00
E0|2526|Chelsea|Bournemouth,backtest,match,E0,2526,2025-12-28T19:30:00+00:00,2025-12-30T19:30:00+00:00,48.0,Chelsea,Bournemouth,away,5.5,2025-12-28T19:25:37+00:00,0.2646,0.2646,0.4554,0.12,10.0,False,"{'xg_weight': 0.7, 'matches_fit': 2280}",48h,,,,,,,moneyline,,,,,,5.25,2025-12-30T19:20:37+00:00,,-0.027906326174939933,,-0.06565947327524557,lost,2-2,-10.0,2025-12-30T19:30:00+00:00
E0|2526|Nott'm Forest|Everton,backtest,match,E0,2526,2025-12-30T16:30:00+00:00,2025-12-30T19:30:00+00:00,3.0,Nott'm Forest,Everton,away,3.9,2025-12-30T16:25:37+00:00,0.3054,0.3054,0.1912,0.12,10.0,False,"{'xg_weight': 0.7, 'matches_fit': 2280}",3h,,,,,,,moneyline,,,,,,4.3,2025-12-30T19:20:37+00:00,,-0.15774797664263485,,-0.1736065650616755,won,0-2,29.0,2025-12-30T19:30:00+00:00
E0|2526|Man United|Wolves,backtest,match,E0,2526,2025-12-28T20:15:00+00:00,2025-12-30T20:15:00+00:00,48.0,Man United,Wolves,away,8.0,2025-12-28T20:10:37+00:00,0.1738,0.1738,0.3904,0.12,10.0,False,"{'xg_weight': 0.7, 'matches_fit': 2280}",48h,,,,,,,moneyline,,,,,,8.0,2025-12-30T20:05:37+00:00,,-0.08907275453697072,,-0.09918348568466773,lost,1-1,-10.0,2025-12-30T20:15:00+00:00
E0|2526|Liverpool|Leeds,backtest,match,E0,2526,2025-12-30T17:30:00+00:00,2026-01-01T17:30:00+00:00,48.0,Liverpool,Leeds,away,6.0,2025-12-30T17:25:37+00:00,0.1951,0.1951,0.1708,0.12,10.0,False,"{'xg_weight': 0.7, 'matches_fit': 2280}",48h,,,,,,,moneyline,,,,,,7.0,2026-01-01T17:25:37+00:00,,-0.21949356166852918,,-0.2208897242481469,lost,0-0,-10.0,2026-01-01T17:30:00+00:00
E0|2526|Brentford|Tottenham,backtest,match,E0,2526,2025-12-30T20:00:00+00:00,2026-01-01T20:00:00+00:00,48.0,Brentford,Tottenham,home,2.25,2025-12-30T19:55:37+00:00,0.5077,0.5077,0.1423,0.12,10.0,False,"{'xg_weight': 0.7, 'matches_fit': 2280}",48h,,,,,,,moneyline,,,,,,2.45,2026-01-01T19:50:37+00:00,,-0.11850878486881822,,-0.1280716500824246,lost,0-0,-10.0,2026-01-01T20:00:00+00:00
E0|2526|Sunderland|Man City,backtest,match,E0,2526,2025-12-30T20:00:00+00:00,2026-01-01T20:00:00+00:00,48.0,Sunderland,Man City,home,7.0,2025-12-30T19:55:37+00:00,0.2083,0.2083,0.4582,0.12,10.0,False,"{'xg_weight': 0.7, 'matches_fit': 2280}",48h,,,,,,,moneyline,,,,,,7.0,2026-01-01T19:50:37+00:00,,-0.10799786689974877,,-0.15073063811804388,lost,0-0,-10.0,2026-01-01T20:00:00+00:00
E0|2526|Aston Villa|Nott'm Forest,backtest,match,E0,2526,2026-01-01T12:30:00+00:00,2026-01-03T12:30:00+00:00,48.0,Aston Villa,Nott'm Forest,away,4.5,2026-01-01T12:25:37+00:00,0.252,0.252,0.1338,0.12,10.0,False,"{'xg_weight': 0.7, 'matches_fit': 2280}",48h,,,,,,,moneyline,,,,,,4.1,2026-01-03T12:20:37+00:00,,0.024127687908221507,,0.00787342824817805,lost,3-1,-10.0,2026-01-03T12:30:00+00:00
E0|2526|Bournemouth|Arsenal,backtest,match,E0,2526,2026-01-01T17:30:00+00:00,2026-01-03T17:30:00+00:00,48.0,Bournemouth,Arsenal,home,6.0,2026-01-01T17:25:37+00:00,0.2183,0.2183,0.3099,0.12,10.0,False,"{'xg_weight': 0.7, 'matches_fit': 2280}",48h,,,,,,,moneyline,,,,,,6.0,2026-01-03T17:20:38+00:00,,-0.08209553303566697,,-0.10291803995219595,lost,2-3,-10.0,2026-01-03T17:30:00+00:00
E0|2526|Leeds|Man United,backtest,match,E0,2526,2026-01-02T12:30:00+00:00,2026-01-04T12:30:00+00:00,48.0,Leeds,Man United,home,2.65,2026-01-02T12:25:37+00:00,0.4602,0.4602,0.2196,0.12,10.0,False,"{'xg_weight': 0.7, 'matches_fit': 2280}",48h,,,,,,,moneyline,,,,,,2.7,2026-01-04T12:20:38+00:00,,-0.06402802040208466,,-0.06862784464369154,lost,1-1,-10.0,2026-01-04T12:30:00+00:00
E0|2526|Tottenham|Sunderland,backtest,match,E0,2526,2026-01-02T15:00:00+00:00,2026-01-04T15:00:00+00:00,48.0,Tottenham,Sunderland,away,4.2,2026-01-02T14:55:37+00:00,0.2744,0.2744,0.1523,0.12,10.0,False,"{'xg_weight': 0.7, 'matches_fit': 2280}",48h,,,,,,,moneyline,,,,,,4.0,2026-01-04T14:50:37+00:00,,-0.02367320362527703,,-0.03507512937332735,lost,1-1,-10.0,2026-01-04T15:00:00+00:00
E0|2526|Newcastle|Crystal Palace,backtest,match,E0,2526,2026-01-02T15:00:00+00:00,2026-01-04T15:00:00+00:00,48.0,Newcastle,Crystal Palace,away,4.9,2026-01-02T14:55:37+00:00,0.2787,0.2787,0.3656,0.12,10.0,False,"{'xg_weight': 0.7, 'matches_fit': 2280}",48h,,,,,,,moneyline,,,,,,5.0,2026-01-04T14:50:37+00:00,,-0.0898632630043289,,-0.10567495813802041,lost,2-0,-10.0,2026-01-04T15:00:00+00:00
E0|2526|Everton|Brentford,backtest,match,E0,2526,2026-01-02T15:00:00+00:00,2026-01-04T15:00:00+00:00,48.0,Everton,Brentford,away,3.15,2026-01-02T14:55:37+00:00,0.3823,0.3823,0.2042,0.12,10.0,False,"{'xg_weight': 0.7, 'matches_fit': 2280}",48h,,,,,,,moneyline,,,,,,3.05,2026-01-04T14:50:37+00:00,,-0.01736159131634507,,-0.009077639236508839,won,2-4,21.5,2026-01-04T15:00:00+00:00
E0|2526|Man City|Chelsea,backtest,match,E0,2526,2026-01-04T14:30:00+00:00,2026-01-04T17:30:00+00:00,3.0,Man City,Chelsea,away,5.25,2026-01-04T14:25:37+00:00,0.2321,0.2321,0.2185,0.12,10.0,False,"{'xg_weight': 0.7, 'matches_fit': 2280}",3h,,,,,,,moneyline,,,,,,5.75,2026-01-04T17:20:37+00:00,,-0.16175358090923964,,-0.22020495249755379,lost,1-1,-10.0,2026-01-04T17:30:00+00:00
E0|2526|Man City|Brighton,backtest,match,E0,2526,2026-01-05T19:30:00+00:00,2026-01-07T19:30:00+00:00,48.0,Man City,Brighton,away,7.0,2026-01-05T19:25:37+00:00,0.169,0.169,0.1829,0.12,10.0,False,"{'xg_weight': 0.7, 'matches_fit': 2280}",48h,,,,,,,moneyline,,,,,,5.75,2026-01-07T19:20:37+00:00,,0.10888437016793295,,0.07989730631099579,lost,1-1,-10.0,2026-01-07T19:30:00+00:00
E0|2526|Crystal Palace|Aston Villa,backtest,match,E0,2526,2026-01-05T19:30:00+00:00,2026-01-07T19:30:00+00:00,48.0,Crystal Palace,Aston Villa,home,3.05,2026-01-05T19:25:37+00:00,0.4495,0.4495,0.371,0.12,10.0,False,"{'xg_weight': 0.7, 'matches_fit': 2280}",48h,,,,,,,moneyline,,,,,,3.05,2026-01-07T19:20:37+00:00,,-0.04760427564090064,,-0.036789032926082266,lost,0-0,-10.0,2026-01-07T19:30:00+00:00
E0|2526|Fulham|Chelsea,backtest,match,E0,2526,2026-01-07T16:30:00+00:00,2026-01-07T19:30:00+00:00,3.0,Fulham,Chelsea,home,3.75,2026-01-07T16:25:37+00:00,0.323,0.323,0.2114,0.12,10.0,False,"{'xg_weight': 0.7, 'matches_fit': 2280}",3h,,,,,,,moneyline,,,,,,3.6,2026-01-07T19:20:37+00:00,,-0.014320748822801432,,-0.019685927541996162,won,2-1,27.5,2026-01-07T19:30:00+00:00
E0|2526|Newcastle|Leeds,backtest,match,E0,2526,2026-01-05T20:15:00+00:00,2026-01-07T20:15:00+00:00,48.0,Newcastle,Leeds,away,5.0,2026-01-05T20:10:37+00:00,0.2664,0.2664,0.3322,0.12,10.0,False,"{'xg_weight': 0.7, 'matches_fit': 2280}",48h,,,,,,,moneyline,,,,,,5.5,2026-01-07T20:05:38+00:00,,-0.14628890036515907,,-0.15072235556528613,lost,4-3,-10.0,2026-01-07T20:15:00+00:00
E0|2526|Burnley|Man United,backtest,match,E0,2526,2026-01-07T17:15:00+00:00,2026-01-07T20:15:00+00:00,3.0,Burnley,Man United,home,5.25,2026-01-07T17:10:37+00:00,0.2288,0.2288,0.201,0.12,10.0,False,"{'xg_weight': 0.7, 'matches_fit': 2280}",3h,,,,,,,moneyline,,,,,,4.8,2026-01-07T20:05:38+00:00,,0.005770612500857419,,0.0012382859839417115,lost,2-2,-10.0,2026-01-07T20:15:00+00:00
E0|2526|Arsenal|Liverpool,backtest,match,E0,2526,2026-01-06T20:00:00+00:00,2026-01-08T20:00:00+00:00,48.0,Arsenal,Liverpool,away,5.75,2026-01-06T19:55:37+00:00,0.234,0.234,0.3453,0.12,10.0,False,"{'xg_weight': 0.7, 'matches_fit': 2280}",48h,,,,,,,moneyline,,,,,,5.75,2026-01-08T19:50:37+00:00,,-0.08819397838730136,,-0.05041497231552605,lost,0-0,-10.0,2026-01-08T20:00:00+00:00
E0|2526|Chelsea|Brentford,backtest,match,E0,2526,2026-01-15T15:00:00+00:00,2026-01-17T15:00:00+00:00,48.0,Chelsea,Brentford,away,4.8,2026-01-15T14:55:38+00:00,0.2772,0.2772,0.3305,0.12,10.0,False,"{'xg_weight': 0.7, 'matches_fit': 2280}",48h,,,,,,,moneyline,,,,,,4.0,2026-01-17T14:50:39+00:00,,0.12894310126405495,,0.13725618492141378,lost,2-0,-10.0,2026-01-17T15:00:00+00:00
E0|2526|Sunderland|Crystal Palace,backtest,match,E0,2526,2026-01-15T15:00:00+00:00,2026-01-17T15:00:00+00:00,48.0,Sunderland,Crystal Palace,away,2.75,2026-01-15T14:55:38+00:00,0.411,0.411,0.1304,0.12,10.0,False,"{'xg_weight': 0.7, 'matches_fit': 2280}",48h,,,,,,,moneyline,,,,,,3.15,2026-01-17T14:50:39+00:00,,-0.17311977670479295,,-0.17799599104651231,lost,2-1,-10.0,2026-01-17T15:00:00+00:00
E0|2526|Aston Villa|Everton,backtest,match,E0,2526,2026-01-16T16:30:00+00:00,2026-01-18T16:30:00+00:00,48.0,Aston Villa,Everton,away,5.0,2026-01-16T16:25:37+00:00,0.2423,0.2423,0.2116,0.12,10.0,False,"{'xg_weight': 0.7, 'matches_fit': 2280}",48h,,,,,,,moneyline,,,,,,5.75,2026-01-18T16:20:37+00:00,,-0.19567408519335538,,-0.20874935376133763,won,0-1,40.0,2026-01-18T16:30:00+00:00
E0|2526|Brighton|Bournemouth,backtest,match,E0,2526,2026-01-17T20:00:00+00:00,2026-01-19T20:00:00+00:00,48.0,Brighton,Bournemouth,away,3.7,2026-01-17T19:55:38+00:00,0.3453,0.3453,0.2776,0.12,10.0,False,"{'xg_weight': 0.7, 'matches_fit': 2280}",48h,,,,,,,moneyline,,,,,,3.6,2026-01-19T19:50:38+00:00,,-0.02014284786537668,,-0.02298380502282371,lost,1-1,-10.0,2026-01-19T20:00:00+00:00
E0|2526|Man City|Wolves,backtest,match,E0,2526,2026-01-22T15:00:00+00:00,2026-01-24T15:00:00+00:00,48.0,Man City,Wolves,draw,7.5,2026-01-22T14:55:37+00:00,0.1829,0.1829,0.3719,0.12,10.0,False,"{'xg_weight': 0.7, 'matches_fit': 2280}",48h,,,,,,,moneyline,,,,,,5.75,2026-01-24T14:50:37+00:00,,0.18483486100435198,,0.21721937604786645,lost,2-0,-10.0,2026-01-24T15:00:00+00:00
E0|2526|Bournemouth|Liverpool,backtest,match,E0,2526,2026-01-24T14:30:00+00:00,2026-01-24T17:30:00+00:00,3.0,Bournemouth,Liverpool,home,3.9,2026-01-24T14:25:38+00:00,0.2945,0.2945,0.1486,0.12,10.0,False,"{'xg_weight': 0.7, 'matches_fit': 2280}",3h,,,,,,,moneyline,,,,,,4.3,2026-01-24T17:20:37+00:00,,-0.1570071018246495,,-0.13767762904045078,won,3-2,29.0,2026-01-24T17:30:00+00:00
E0|2526|Crystal Palace|Chelsea,backtest,match,E0,2526,2026-01-23T14:00:00+00:00,2026-01-25T14:00:00+00:00,48.0,Crystal Palace,Chelsea,home,3.45,2026-01-23T13:55:37+00:00,0.3636,0.3636,0.2544,0.12,10.0,False,"{'xg_weight': 0.7, 'matches_fit': 2280}",48h,,,,,,,moneyline,,,,,,3.35,2026-01-25T13:50:37+00:00,,-0.02035128666196029,,-0.04431186703276724,lost,1-3,-10.0,2026-01-25T14:00:00+00:00
E0|2526|Leeds|Arsenal,backtest,match,E0,2526,2026-01-29T15:00:00+00:00,2026-01-31T15:00:00+00:00,48.0,Leeds,Arsenal,home,6.0,2026-01-29T14:55:37+00:00,0.2133,0.2133,0.2795,0.12,10.0,False,"{'xg_weight': 0.7, 'matches_fit': 2280}",48h,,,,,,,moneyline,,,,,,6.0,2026-01-31T14:50:37+00:00,,-0.08894824971137238,,-0.07785185420115992,lost,0-4,-10.0,2026-01-31T15:00:00+00:00
E0|2526|Wolves|Bournemouth,backtest,match,E0,2526,2026-01-29T15:00:00+00:00,2026-01-31T15:00:00+00:00,48.0,Wolves,Bournemouth,away,2.25,2026-01-29T14:55:37+00:00,0.5025,0.5025,0.1307,0.12,10.0,False,"{'xg_weight': 0.7, 'matches_fit': 2280}",48h,,,,,,,moneyline,,,,,,2.4,2026-01-31T14:50:37+00:00,,-0.10166474386658009,,-0.09427759582629769,won,0-2,12.5,2026-01-31T15:00:00+00:00
E0|2526|Brighton|Everton,backtest,match,E0,2526,2026-01-31T12:00:00+00:00,2026-01-31T15:00:00+00:00,3.0,Brighton,Everton,away,4.3,2026-01-31T11:55:37+00:00,0.2609,0.2609,0.1219,0.12,10.0,False,"{'xg_weight': 0.7, 'matches_fit': 2280}",3h,,,,,,,moneyline,,,,,,4.1,2026-01-31T14:50:37+00:00,,-0.012778044074386319,,-0.02108723399027168,lost,1-1,-10.0,2026-01-31T15:00:00+00:00
E0|2526|Aston Villa|Brentford,backtest,match,E0,2526,2026-01-30T14:00:00+00:00,2026-02-01T14:00:00+00:00,48.0,Aston Villa,Brentford,away,3.6,2026-01-30T13:55:37+00:00,0.3311,0.3311,0.192,0.12,10.0,False,"{'xg_weight': 0.7, 'matches_fit': 2280}",48h,,,,,,,moneyline,,,,,,3.15,2026-02-01T13:50:37+00:00,,0.08850091326348486,,0.08516171095300495,won,0-1,26.0,2026-02-01T14:00:00+00:00
E0|2526|Nott'm Forest|Crystal Palace,backtest,match,E0,2526,2026-01-30T14:00:00+00:00,2026-02-01T14:00:00+00:00,48.0,Nott'm Forest,Crystal Palace,away,3.9,2026-01-30T13:55:37+00:00,0.3784,0.3784,0.4759,0.12,10.0,False,"{'xg_weight': 0.7, 'matches_fit': 2280}",48h,,,,,,,moneyline,,,,,,3.8,2026-02-01T13:50:37+00:00,,-0.030938475279540634,,-0.024049834459568098,lost,1-1,-10.0,2026-02-01T14:00:00+00:00
E0|2526|Man United|Fulham,backtest,match,E0,2526,2026-01-30T14:00:00+00:00,2026-02-01T14:00:00+00:00,48.0,Man United,Fulham,away,5.0,2026-01-30T13:55:37+00:00,0.2606,0.2606,0.3029,0.12,10.0,False,"{'xg_weight': 0.7, 'matches_fit': 2280}",48h,,,,,,,moneyline,,,,,,5.5,2026-02-01T13:50:37+00:00,,-0.16789340225542027,,-0.1685774329480949,lost,3-2,-10.0,2026-02-01T14:00:00+00:00
E0|2526|Tottenham|Man City,backtest,match,E0,2526,2026-02-01T13:30:00+00:00,2026-02-01T16:30:00+00:00,3.0,Tottenham,Man City,home,4.8,2026-02-01T13:25:37+00:00,0.2413,0.2413,0.1583,0.12,10.0,False,"{'xg_weight': 0.7, 'matches_fit': 2280}",3h,,,,,,,moneyline,,,,,,4.9,2026-02-01T16:20:37+00:00,,-0.08722297177354021,,-0.1160266489442131,lost,2-2,-10.0,2026-02-01T16:30:00+00:00
E0|2526|Man United|Tottenham,backtest,match,E0,2526,2026-02-05T12:30:00+00:00,2026-02-07T12:30:00+00:00,48.0,Man United,Tottenham,away,4.9,2026-02-05T12:25:37+00:00,0.2619,0.2619,0.2832,0.12,10.0,False,"{'xg_weight': 0.7, 'matches_fit': 2280}",48h,,,,,,,moneyline,,,,,,5.25,2026-02-07T12:20:37+00:00,,-0.126758336602793,,-0.09612776347586438,lost,2-0,-10.0,2026-02-07T12:30:00+00:00
E0|2526|Bournemouth|Aston Villa,backtest,match,E0,2526,2026-02-05T15:00:00+00:00,2026-02-07T15:00:00+00:00,48.0,Bournemouth,Aston Villa,home,2.7,2026-02-05T14:55:37+00:00,0.4461,0.4461,0.2043,0.12,10.0,False,"{'xg_weight': 0.7, 'matches_fit': 2280}",48h,,,,,,,moneyline,,,,,,2.8,2026-02-07T14:50:38+00:00,,-0.07827924890388938,,-0.10058950721535087,lost,1-1,-10.0,2026-02-07T15:00:00+00:00
E0|2526|Arsenal|Sunderland,backtest,match,E0,2526,2026-02-05T15:00:00+00:00,2026-02-07T15:00:00+00:00,48.0,Arsenal,Sunderland,draw,6.0,2026-02-05T14:55:37+00:00,0.2142,0.2142,0.2849,0.12,10.0,False,"{'xg_weight': 0.7, 'matches_fit': 2280}",48h,,,,,,,moneyline,,,,,,6.0,2026-02-07T14:50:38+00:00,,-0.07668717977169104,,-0.033399656469489614,lost,3-0,-10.0,2026-02-07T15:00:00+00:00
E0|2526|Brighton|Crystal Palace,backtest,match,E0,2526,2026-02-06T14:00:00+00:00,2026-02-08T14:00:00+00:00,48.0,Brighton,Crystal Palace,away,3.75,2026-02-06T13:55:37+00:00,0.3348,0.3348,0.2556,0.12,10.0,False,"{'xg_weight': 0.7, 'matches_fit': 2280}",48h,,,,,,,moneyline,,,,,,3.45,2026-02-08T13:50:37+00:00,,0.02476652505749044,,0.037461408387864825,won,0-1,27.5,2026-02-08T14:00:00+00:00
E0|2526|Chelsea|Leeds,backtest,match,E0,2526,2026-02-08T19:30:00+00:00,2026-02-10T19:30:00+00:00,48.0,Chelsea,Leeds,away,5.5,2026-02-08T19:25:37+00:00,0.2325,0.2325,0.279,0.12,10.0,False,"{'xg_weight': 0.7, 'matches_fit': 2280}",48h,,,,,,,moneyline,,,,,,6.0,2026-02-10T19:20:37+00:00,,-0.16423310814702785,,-0.17527981430527173,lost,2-2,-10.0,2026-02-10T19:30:00+00:00
E0|2526|Everton|Bournemouth,backtest,match,E0,2526,2026-02-08T19:30:00+00:00,2026-02-10T19:30:00+00:00,48.0,Everton,Bournemouth,away,2.95,2026-02-08T19:25:37+00:00,0.3938,0.3938,0.1618,0.12,10.0,False,"{'xg_weight': 0.7, 'matches_fit': 2280}",48h,,,,,,,moneyline,,,,,,3.05,2026-02-10T19:20:37+00:00,,-0.07878876712781302,,-0.07254639417957343,won,1-2,19.5,2026-02-10T19:30:00+00:00
E0|2526|West Ham|Man United,backtest,match,E0,2526,2026-02-08T20:15:00+00:00,2026-02-10T20:15:00+00:00,48.0,West Ham,Man United,home,4.4,2026-02-08T20:10:37+00:00,0.2698,0.2698,0.1871,0.12,10.0,False,"{'xg_weight': 0.7, 'matches_fit': 2280}",48h,,,,,,,moneyline,,,,,,4.5,2026-02-10T20:05:37+00:00,,-0.0822316195011934,,-0.09056565535484284,lost,1-1,-10.0,2026-02-10T20:15:00+00:00
E0|2526|Man City|Fulham,backtest,match,E0,2526,2026-02-09T19:30:00+00:00,2026-02-11T19:30:00+00:00,48.0,Man City,Fulham,away,8.0,2026-02-09T19:25:37+00:00,0.163,0.163,0.3039,0.12,10.0,False,"{'xg_weight': 0.7, 'matches_fit': 2280}",48h,,,,,,,moneyline,,,,,,7.5,2026-02-11T19:20:37+00:00,,-0.053144170380948874,,-0.04241905125195311,lost,3-0,-10.0,2026-02-11T19:30:00+00:00
E0|2526|Nott'm Forest|Wolves,backtest,match,E0,2526,2026-02-09T19:30:00+00:00,2026-02-11T19:30:00+00:00,48.0,Nott'm Forest,Wolves,away,5.0,2026-02-09T19:25:37+00:00,0.2262,0.2262,0.1309,0.12,10.0,False,"{'xg_weight': 0.7, 'matches_fit': 2280}",48h,,,,,,,moneyline,,,,,,4.9,2026-02-11T19:20:37+00:00,,-0.042045923840612565,,-0.011564814063765416,lost,0-0,-10.0,2026-02-11T19:30:00+00:00
E0|2526|Wolves|Arsenal,backtest,match,E0,2526,2026-02-16T20:00:00+00:00,2026-02-18T20:00:00+00:00,48.0,Wolves,Arsenal,draw,5.75,2026-02-16T19:55:37+00:00,0.2178,0.2178,0.2523,0.12,10.0,False,"{'xg_weight': 0.7, 'matches_fit': 2280}",48h,,,,,,,moneyline,,,,,,6.0,2026-02-18T19:50:38+00:00,,-0.12592080040533105,,-0.12516473497300595,won,2-2,47.5,2026-02-18T20:00:00+00:00
E0|2526|Aston Villa|Leeds,backtest,match,E0,2526,2026-02-19T15:00:00+00:00,2026-02-21T15:00:00+00:00,48.0,Aston Villa,Leeds,away,4.2,2026-02-19T14:55:37+00:00,0.2945,0.2945,0.2371,0.12,10.0,False,"{'xg_weight': 0.7, 'matches_fit': 2280}",48h,,,,,,,moneyline,,,,,,4.2,2026-02-21T14:50:38+00:00,,-0.07030435708031602,,-0.07268064270062247,lost,1-1,-10.0,2026-02-21T15:00:00+00:00
E0|2526|West Ham|Bournemouth,backtest,match,E0,2526,2026-02-19T17:30:00+00:00,2026-02-21T17:30:00+00:00,48.0,West Ham,Bournemouth,away,2.75,2026-02-19T17:25:37+00:00,0.4943,0.4943,0.3593,0.12,10.0,False,"{'xg_weight': 0.7, 'matches_fit': 2280}",48h,,,,,,,moneyline,,,,,,2.45,2026-02-21T17:20:37+00:00,,0.07503987067076823,,0.061952645307403964,lost,0-0,-10.0,2026-02-21T17:30:00+00:00
E0|2526|Man City|Newcastle,backtest,match,E0,2526,2026-02-19T20:00:00+00:00,2026-02-21T20:00:00+00:00,48.0,Man City,Newcastle,away,5.75,2026-02-19T19:55:38+00:00,0.2342,0.2342,0.3469,0.12,10.0,False,"{'xg_weight': 0.7, 'matches_fit': 2280}",48h,,,,,,,moneyline,,,,,,5.5,2026-02-21T19:55:37+00:00,,-0.03604785976155889,,-0.007613809114307091,lost,2-1,-10.0,2026-02-21T20:00:00+00:00
E0|2526|Tottenham|Arsenal,backtest,match,E0,2526,2026-02-22T13:30:00+00:00,2026-02-22T16:30:00+00:00,3.0,Tottenham,Arsenal,home,7.0,2026-02-22T13:25:37+00:00,0.1692,0.1692,0.1841,0.12,10.0,False,"{'xg_weight': 0.7, 'matches_fit': 2280}",3h,,,,,,,moneyline,,,,,,7.5,2026-02-22T16:20:37+00:00,,-0.1641499285659116,,-0.1419641578157218,lost,1-4,-10.0,2026-02-22T16:30:00+00:00
E0|2526|Everton|Man United,backtest,match,E0,2526,2026-02-21T20:00:00+00:00,2026-02-23T20:00:00+00:00,48.0,Everton,Man United,home,3.6,2026-02-21T19:55:37+00:00,0.3427,0.3427,0.2338,0.12,10.0,False,"{'xg_weight': 0.7, 'matches_fit': 2280}",48h,,,,,,,moneyline,,,,,,3.65,2026-02-23T19:50:37+00:00,,-0.06804566897807796,,-0.04882968226791362,lost,0-1,-10.0,2026-02-23T20:00:00+00:00
E0|2526|Leeds|Man City,backtest,match,E0,2526,2026-02-26T17:30:00+00:00,2026-02-28T17:30:00+00:00,48.0,Leeds,Man City,home,5.0,2026-02-26T17:25:37+00:00,0.2756,0.2756,0.3779,0.12,10.0,False,"{'xg_weight': 0.7, 'matches_fit': 2280}",48h,,,,,,,moneyline,,,,,,4.7,2026-02-28T17:20:37+00:00,,-0.007425082868320887,,-0.036901705207304625,lost,0-1,-10.0,2026-02-28T17:30:00+00:00
E0|2526|Man United|Crystal Palace,backtest,match,E0,2526,2026-02-27T14:00:00+00:00,2026-03-01T14:00:00+00:00,48.0,Man United,Crystal Palace,away,5.5,2026-02-27T13:55:37+00:00,0.3058,0.3058,0.6818,0.12,10.0,False,"{'xg_weight': 0.7, 'matches_fit': 2280}",48h,,,,,,,moneyline,,,,,,6.0,2026-03-01T13:50:37+00:00,,-0.16423310814702785,,-0.1707170359118908,lost,2-1,-10.0,2026-03-01T14:00:00+00:00
E0|2526|Wolves|Liverpool,backtest,match,E0,2526,2026-03-01T20:15:00+00:00,2026-03-03T20:15:00+00:00,48.0,Wolves,Liverpool,draw,5.25,2026-03-01T20:10:37+00:00,0.2176,0.2176,0.1425,0.12,10.0,False,"{'xg_weight': 0.7, 'matches_fit': 2280}",48h,,,,,,,moneyline,,,,,,4.9,2026-03-03T20:05:37+00:00,,-0.00121120130917296,,0.023676626496744735,lost,2-1,-10.0,2026-03-03T20:15:00+00:00
E0|2526|Newcastle|Man United,backtest,match,E0,2526,2026-03-02T20:15:00+00:00,2026-03-04T20:15:00+00:00,48.0,Newcastle,Man United,home,2.55,2026-03-02T20:10:37+00:00,0.4767,0.4767,0.2155,0.12,10.0,False,"{'xg_weight': 0.7, 'matches_fit': 2280}",48h,,,,,,,moneyline,,,,,,2.6,2026-03-04T20:05:39+00:00,,-0.06347254549525072,,-0.05950421690596941,won,2-1,15.5,2026-03-04T20:15:00+00:00
E0|2526|Tottenham|Crystal Palace,backtest,match,E0,2526,2026-03-03T20:00:00+00:00,2026-03-05T20:00:00+00:00,48.0,Tottenham,Crystal Palace,away,3.0,2026-03-03T19:55:37+00:00,0.3885,0.3885,0.1655,0.12,10.0,False,"{'xg_weight': 0.7, 'matches_fit': 2280}",48h,,,,,,,moneyline,,,,,,2.85,2026-03-05T19:50:38+00:00,,0.0031973449202042925,,0.00012174694218236581,won,1-3,20.0,2026-03-05T20:00:00+00:00
E0|2526|Crystal Palace|Leeds,backtest,match,E0,2526,2026-03-13T14:00:00+00:00,2026-03-15T14:00:00+00:00,48.0,Crystal Palace,Leeds,home,2.5,2026-03-13T13:55:38+00:00,0.457,0.457,0.1425,0.12,10.0,False,"{'xg_weight': 0.7, 'matches_fit': 2280}",48h,,,,,,,moneyline,,,,,,2.75,2026-03-15T13:50:37+00:00,,-0.13190832051261037,,-0.10872017200506612,lost,0-0,-10.0,2026-03-15T14:00:00+00:00
E0|2526|Man United|Aston Villa,backtest,match,E0,2526,2026-03-13T14:00:00+00:00,2026-03-15T14:00:00+00:00,48.0,Man United,Aston Villa,away,4.4,2026-03-13T13:55:38+00:00,0.2864,0.2864,0.26,0.12,10.0,False,"{'xg_weight': 0.7, 'matches_fit': 2280}",48h,,,,,,,moneyline,,,,,,4.7,2026-03-15T13:50:37+00:00,,-0.12653407292412233,,-0.11571344554395102,lost,3-1,-10.0,2026-03-15T14:00:00+00:00
E0|2526|Liverpool|Tottenham,backtest,match,E0,2526,2026-03-13T16:30:00+00:00,2026-03-15T16:30:00+00:00,48.0,Liverpool,Tottenham,away,8.5,2026-03-13T16:25:38+00:00,0.1423,0.1423,0.2099,0.12,10.0,False,"{'xg_weight': 0.7, 'matches_fit': 2280}",48h,,,,,,,moneyline,,,,,,8.5,2026-03-15T16:20:37+00:00,,-0.12500622071422773,,-0.11091711961031714,lost,1-1,-10.0,2026-03-15T16:30:00+00:00
E0|2526|Bournemouth|Man United,backtest,match,E0,2526,2026-03-18T20:00:00+00:00,2026-03-20T20:00:00+00:00,48.0,Bournemouth,Man United,home,3.15,2026-03-18T19:55:38+00:00,0.4249,0.4249,0.3383,0.12,10.0,False,"{'xg_weight': 0.7, 'matches_fit': 2280}",48h,,,,,,,moneyline,,,,,,3.1,2026-03-20T19:50:37+00:00,,-0.029014751096852587,,-0.035369727901633397,lost,2-2,-10.0,2026-03-20T20:00:00+00:00
E0|2526|West Ham|Wolves,backtest,match,E0,2526,2026-04-08T19:00:00+00:00,2026-04-10T19:00:00+00:00,48.0,West Ham,Wolves,away,4.2,2026-04-08T18:55:38+00:00,0.277,0.277,0.1634,0.12,10.0,False,"{'xg_weight': 0.7, 'matches_fit': 2280}",48h,,,,,,,moneyline,,,,,,4.4,2026-04-10T18:50:38+00:00,,-0.10404349037513128,,-0.11816333503686205,lost,4-0,-10.0,2026-04-10T19:00:00+00:00
E0|2526|Arsenal|Bournemouth,backtest,match,E0,2526,2026-04-09T11:30:00+00:00,2026-04-11T11:30:00+00:00,48.0,Arsenal,Bournemouth,away,7.5,2026-04-09T11:25:38+00:00,0.1493,0.1493,0.1201,0.12,10.0,False,"{'xg_weight': 0.7, 'matches_fit': 2280}",48h,,,,,,,moneyline,,,,,,6.5,2026-04-11T11:20:38+00:00,,0.053119047896000415,,0.04356667050514318,won,1-2,65.0,2026-04-11T11:30:00+00:00
E0|2526|Crystal Palace|Newcastle,backtest,match,E0,2526,2026-04-10T13:00:00+00:00,2026-04-12T13:00:00+00:00,48.0,Crystal Palace,Newcastle,home,3.1,2026-04-10T12:55:38+00:00,0.3907,0.3907,0.2113,0.12,10.0,False,"{'xg_weight': 0.7, 'matches_fit': 2280}",48h,,,,,,,moneyline,,,,,,2.95,2026-04-12T12:50:37+00:00,,0.007696318267358837,,0.003824439981492178,won,2-1,21.0,2026-04-12T13:00:00+00:00
E0|2526|Chelsea|Man City,backtest,match,E0,2526,2026-04-10T15:30:00+00:00,2026-04-12T15:30:00+00:00,48.0,Chelsea,Man City,home,3.1,2026-04-10T15:25:38+00:00,0.3641,0.3641,0.1286,0.12,10.0,False,"{'xg_weight': 0.7, 'matches_fit': 2280}",48h,,,,,,,moneyline,,,,,,3.55,2026-04-12T15:20:37+00:00,,-0.17675032770940868,,-0.168132053342829,lost,0-3,-10.0,2026-04-12T15:30:00+00:00
E0|2526|Man United|Leeds,backtest,match,E0,2526,2026-04-11T19:00:00+00:00,2026-04-13T19:00:00+00:00,48.0,Man United,Leeds,away,5.25,2026-04-11T18:55:38+00:00,0.275,0.275,0.444,0.12,10.0,False,"{'xg_weight': 0.7, 'matches_fit': 2280}",48h,,,,,,,moneyline,,,,,,5.0,2026-04-13T18:50:38+00:00,,-0.027702421759190687,,-0.059093775643519364,won,1-2,42.5,2026-04-13T19:00:00+00:00
E0|2526|Newcastle|Bournemouth,backtest,match,E0,2526,2026-04-16T14:00:00+00:00,2026-04-18T14:00:00+00:00,48.0,Newcastle,Bournemouth,away,3.55,2026-04-16T13:55:38+00:00,0.3174,0.3174,0.1267,0.12,10.0,False,"{'xg_weight': 0.7, 'matches_fit': 2280}",48h,,,,,,,moneyline,,,,,,3.1,2026-04-18T13:50:38+00:00,,0.090146886203756,,0.09782597027007656,won,1-2,25.5,2026-04-18T14:00:00+00:00
E0|2526|Nott'm Forest|Burnley,backtest,match,E0,2526,2026-04-17T13:00:00+00:00,2026-04-19T13:00:00+00:00,48.0,Nott'm Forest,Burnley,away,6.5,2026-04-17T12:55:38+00:00,0.1805,0.1805,0.1735,0.12,10.0,False,"{'xg_weight': 0.7, 'matches_fit': 2280}",48h,,,,,,,moneyline,,,,,,7.0,2026-04-19T12:50:37+00:00,,-0.15445135847423996,,-0.15742316488159447,lost,4-1,-10.0,2026-04-19T13:00:00+00:00
E0|2526|Aston Villa|Sunderland,backtest,match,E0,2526,2026-04-17T13:00:00+00:00,2026-04-19T13:00:00+00:00,48.0,Aston Villa,Sunderland,away,5.25,2026-04-17T12:55:38+00:00,0.2328,0.2328,0.2222,0.12,10.0,False,"{'xg_weight': 0.7, 'matches_fit': 2280}",48h,,,,,,,moneyline,,,,,,5.0,2026-04-19T12:50:37+00:00,,-0.02567870106075887,,0.0007110724947618774,lost,4-3,-10.0,2026-04-19T13:00:00+00:00
E0|2526|Man City|Arsenal,backtest,match,E0,2526,2026-04-17T15:30:00+00:00,2026-04-19T15:30:00+00:00,48.0,Man City,Arsenal,away,4.3,2026-04-17T15:25:38+00:00,0.3832,0.3832,0.6478,0.12,10.0,False,"{'xg_weight': 0.7, 'matches_fit': 2280}",48h,,,,,,,moneyline,,,,,,4.3,2026-04-19T15:20:38+00:00,,-0.05907729030247222,,-0.05834659425622568,lost,2-1,-10.0,2026-04-19T15:30:00+00:00
E0|2526|Crystal Palace|West Ham,backtest,match,E0,2526,2026-04-18T19:00:00+00:00,2026-04-20T19:00:00+00:00,48.0,Crystal Palace,West Ham,home,2.4,2026-04-18T18:55:37+00:00,0.5689,0.5689,0.3653,0.12,10.0,False,"{'xg_weight': 0.7, 'matches_fit': 2280}",48h,,,,,,,moneyline,,,,,,2.6,2026-04-20T18:55:38+00:00,,-0.11532122290466151,,-0.09914308399254546,lost,0-0,-10.0,2026-04-20T19:00:00+00:00
E0|2526|Burnley|Man City,backtest,match,E0,2526,2026-04-20T19:00:00+00:00,2026-04-22T19:00:00+00:00,48.0,Burnley,Man City,draw,9.0,2026-04-20T18:55:38+00:00,0.1754,0.1754,0.5784,0.12,10.0,False,"{'xg_weight': 0.7, 'matches_fit': 2280}",48h,,,,,,,moneyline,,,,,,8.5,2026-04-22T18:55:38+00:00,,-0.05857130604688465,,-0.033548928415869206,lost,0-1,-10.0,2026-04-22T19:00:00+00:00
E0|2526|Bournemouth|Leeds,backtest,match,E0,2526,2026-04-22T16:00:00+00:00,2026-04-22T19:00:00+00:00,3.0,Bournemouth,Leeds,away,3.75,2026-04-22T15:55:38+00:00,0.3028,0.3028,0.1355,0.12,10.0,False,"{'xg_weight': 0.7, 'matches_fit': 2280}",3h,,,,,,,moneyline,,,,,,4.0,2026-04-22T18:55:38+00:00,,-0.11801320213745703,,-0.13612650575622143,lost,2-2,-10.0,2026-04-22T19:00:00+00:00
E0|2526|Wolves|Tottenham,backtest,match,E0,2526,2026-04-23T14:00:00+00:00,2026-04-25T14:00:00+00:00,48.0,Wolves,Tottenham,home,4.3,2026-04-23T13:55:38+00:00,0.3008,0.3008,0.2933,0.12,10.0,False,"{'xg_weight': 0.7, 'matches_fit': 2280}",48h,,,,,,,moneyline,,,,,,4.7,2026-04-25T13:50:38+00:00,,-0.13528642349014863,,-0.15424018143364393,lost,0-1,-10.0,2026-04-25T14:00:00+00:00
E0|2526|Liverpool|Crystal Palace,backtest,match,E0,2526,2026-04-23T14:00:00+00:00,2026-04-25T14:00:00+00:00,48.0,Liverpool,Crystal Palace,away,6.0,2026-04-23T13:55:38+00:00,0.2148,0.2148,0.2888,0.12,10.0,False,"{'xg_weight': 0.7, 'matches_fit': 2280}",48h,,,,,,,moneyline,,,,,,5.25,2026-04-25T13:50:38+00:00,,0.04651666220823225,,0.04283196215997598,lost,3-1,-10.0,2026-04-25T14:00:00+00:00
E0|2526|Man United|Brentford,backtest,match,E0,2526,2026-04-25T19:00:00+00:00,2026-04-27T19:00:00+00:00,48.0,Man United,Brentford,away,3.95,2026-04-25T18:55:38+00:00,0.3178,0.3178,0.2554,0.12,10.0,False,"{'xg_weight': 0.7, 'matches_fit': 2280}",48h,,,,,,,moneyline,,,,,,3.6,2026-04-27T18:50:38+00:00,,0.03728119715941691,,0.04205195096281167,lost,2-1,-10.0,2026-04-27T19:00:00+00:00
E0|2526|Man United|Liverpool,backtest,match,E0,2526,2026-05-01T14:30:00+00:00,2026-05-03T14:30:00+00:00,48.0,Man United,Liverpool,away,2.9,2026-05-01T13:55:38+00:00,0.4151,0.4151,0.2037,0.12,10.0,False,"{'xg_weight': 0.7, 'matches_fit': 2280}",48h,,,,,,,moneyline,,,,,,2.8,2026-05-03T13:50:37+00:00,,-0.012267330380325903,,-0.00017471622986142687,lost,3-2,-10.0,2026-05-03T14:30:00+00:00
E0|2526|Everton|Man City,backtest,match,E0,2526,2026-05-02T19:00:00+00:00,2026-05-04T19:00:00+00:00,48.0,Everton,Man City,home,6.0,2026-05-02T17:20:37+00:00,0.2273,0.2273,0.3635,0.12,10.0,False,"{'xg_weight': 0.7, 'matches_fit': 2280}",48h,,,,,,,moneyline,,,,,,7.0,2026-05-04T16:55:37+00:00,,-0.22809609367802675,,-0.20614747854744375,lost,3-3,-10.0,2026-05-04T19:00:00+00:00
E0|2526|Brighton|Wolves,backtest,match,E0,2526,2026-05-07T14:00:00+00:00,2026-05-09T14:00:00+00:00,48.0,Brighton,Wolves,away,9.5,2026-05-07T12:25:37+00:00,0.1552,0.1552,0.4743,0.12,10.0,False,"{'xg_weight': 0.7, 'matches_fit': 2280}",48h,,,,,,,moneyline,,,,,,10.0,2026-05-09T12:20:37+00:00,,-0.17278932999695673,,-0.18684130486829909,lost,3-0,-10.0,2026-05-09T14:00:00+00:00
E0|2526|Man City|Brentford,backtest,match,E0,2526,2026-05-07T16:30:00+00:00,2026-05-09T16:30:00+00:00,48.0,Man City,Brentford,away,7.5,2026-05-07T14:55:37+00:00,0.2121,0.2121,0.591,0.12,10.0,False,"{'xg_weight': 0.7, 'matches_fit': 2280}",48h,,,,,,,moneyline,,,,,,7.5,2026-05-09T14:50:38+00:00,,-0.10143591142551545,,-0.106093235105305,lost,3-0,-10.0,2026-05-09T16:30:00+00:00
E0|2526|Tottenham|Leeds,backtest,match,E0,2526,2026-05-09T19:01:00+00:00,2026-05-11T19:01:00+00:00,48.0,Tottenham,Leeds,away,3.85,2026-05-09T17:20:38+00:00,0.4009,0.4009,0.5436,0.12,10.0,False,"{'xg_weight': 0.7, 'matches_fit': 2280}",48h,,,,,,,moneyline,,,,,,4.6,2026-05-11T16:55:37+00:00,,-0.21185909311805595,,-0.14470949326875127,lost,1-1,-10.0,2026-05-11T19:01:00+00:00
E0|2526|Man City|Crystal Palace,backtest,match,E0,2526,2026-05-11T19:00:00+00:00,2026-05-13T19:00:00+00:00,48.0,Man City,Crystal Palace,away,12.0,2026-05-11T16:55:37+00:00,0.1907,0.1907,1.2886,0.12,10.0,False,"{'xg_weight': 0.7, 'matches_fit': 2280}",48h,,,,,,,moneyline,,,,,,10.5,2026-05-13T16:55:37+00:00,,-0.0010851317042778197,,0.2036445182042308,lost,3-0,-10.0,2026-05-13T19:00:00+00:00
E0|2526|Wolves|Fulham,backtest,match,E0,2526,2026-05-15T14:00:00+00:00,2026-05-17T14:00:00+00:00,48.0,Wolves,Fulham,draw,3.95,2026-05-15T12:25:37+00:00,0.2923,0.2923,0.1546,0.12,10.0,False,"{'xg_weight': 0.7, 'matches_fit': 2280}",48h,,,,,,,moneyline,,,,,,3.8,2026-05-17T12:20:37+00:00,,-0.01784812761945065,,0.004907532908208223,won,1-1,29.5,2026-05-17T14:00:00+00:00
E0|2526|Leeds|Brighton,backtest,match,E0,2526,2026-05-15T14:00:00+00:00,2026-05-17T14:00:00+00:00,48.0,Leeds,Brighton,home,3.15,2026-05-15T12:25:37+00:00,0.4221,0.4221,0.3295,0.12,10.0,False,"{'xg_weight': 0.7, 'matches_fit': 2280}",48h,,,,,,,moneyline,,,,,,3.35,2026-05-17T12:20:37+00:00,,-0.11269701385128639,,-0.1507583851325175,won,1-0,21.5,2026-05-17T14:00:00+00:00
E0|2526|Brentford|Crystal Palace,backtest,match,E0,2526,2026-05-15T14:00:00+00:00,2026-05-17T14:00:00+00:00,48.0,Brentford,Crystal Palace,away,4.2,2026-05-15T12:25:37+00:00,0.2983,0.2983,0.2529,0.12,10.0,False,"{'xg_weight': 0.7, 'matches_fit': 2280}",48h,,,,,,,moneyline,,,,,,4.6,2026-05-17T12:20:37+00:00,,-0.14022238500019024,,-0.12948592965679706,lost,2-2,-10.0,2026-05-17T14:00:00+00:00
E0|2526|Newcastle|West Ham,backtest,match,E0,2526,2026-05-15T16:31:00+00:00,2026-05-17T16:31:00+00:00,48.0,Newcastle,West Ham,home,2.15,2026-05-15T14:55:37+00:00,0.5831,0.5831,0.2536,0.12,10.0,False,"{'xg_weight': 0.7, 'matches_fit': 2280}",48h,,,,,,,moneyline,,,,,,2.2,2026-05-17T14:50:37+00:00,,-0.05950747751687213,,-0.004441867944856792,won,3-1,11.5,2026-05-17T16:31:00+00:00
E0|2526|Bournemouth|Man City,backtest,match,E0,2526,2026-05-17T18:30:00+00:00,2026-05-19T18:30:00+00:00,48.0,Bournemouth,Man City,home,4.1,2026-05-17T17:20:37+00:00,0.3162,0.3162,0.2964,0.12,10.0,False,"{'xg_weight': 0.7, 'matches_fit': 2280}",48h,,,,,,,moneyline,,,,,,4.9,2026-05-19T17:10:37+00:00,,-0.2165123510850928,,-0.19332846519031788,lost,1-1,-10.0,2026-05-19T18:30:00+00:00
E0|2526|Chelsea|Tottenham,backtest,match,E0,2526,2026-05-17T19:15:00+00:00,2026-05-19T19:15:00+00:00,48.0,Chelsea,Tottenham,home,2.05,2026-05-17T17:20:37+00:00,0.5789,0.5789,0.1867,0.12,10.0,False,"{'xg_weight': 0.7, 'matches_fit': 2280}",48h,,,,,,,moneyline,,,,,,2.1,2026-05-19T17:10:37+00:00,,-0.059390497883708315,,-0.11467259772114613,won,2-1,10.5,2026-05-19T19:15:00+00:00
E0|2526|Brighton|Man United,backtest,match,E0,2526,2026-05-22T15:00:00+00:00,2026-05-24T15:00:00+00:00,48.0,Brighton,Man United,away,3.65,2026-05-22T14:55:37+00:00,0.3279,0.3279,0.1969,0.12,10.0,False,"{'xg_weight': 0.7, 'matches_fit': 2280}",48h,,,,,,,moneyline,,,,,,3.5,2026-05-24T14:50:37+00:00,,-0.012136335851994362,,-0.030949813415659833,won,0-3,26.5,2026-05-24T15:00:00+00:00
E0|2526|Tottenham|Everton,backtest,match,E0,2526,2026-05-22T15:00:00+00:00,2026-05-24T15:00:00+00:00,48.0,Tottenham,Everton,away,3.95,2026-05-22T14:55:37+00:00,0.3256,0.3256,0.2861,0.12,10.0,False,"{'xg_weight': 0.7, 'matches_fit': 2280}",48h,,,,,,,moneyline,,,,,,4.2,2026-05-24T14:50:37+00:00,,-0.11675118156483821,,-0.11635217117035146,lost,1-0,-10.0,2026-05-24T15:00:00+00:00
E0|2526|Man City|Aston Villa,backtest,match,E0,2526,2026-05-22T15:00:00+00:00,2026-05-24T15:00:00+00:00,48.0,Man City,Aston Villa,away,8.5,2026-05-22T14:55:37+00:00,0.1791,0.1791,0.5222,0.12,10.0,False,"{'xg_weight': 0.7, 'matches_fit': 2280}",48h,,,,,,,moneyline,,,,,,7.0,2026-05-24T14:50:37+00:00,,0.08973773506158822,,0.11645162573902579,won,1-2,75.0,2026-05-24T15:00:00+00:00
E0|2526|West Ham|Leeds,backtest,match,E0,2526,2026-05-22T15:00:00+00:00,2026-05-24T15:00:00+00:00,48.0,West Ham,Leeds,away,4.0,2026-05-22T14:55:37+00:00,0.4349,0.4349,0.7397,0.12,10.0,False,"{'xg_weight': 0.7, 'matches_fit': 2280}",48h,,,,,,,moneyline,,,,,,4.4,2026-05-24T14:50:37+00:00,,-0.15175682118801093,,-0.15493008405122466,lost,3-0,-10.0,2026-05-24T15:00:00+00:00
E0|2526|Nott'm Forest|Bournemouth,backtest,match,E0,2526,2026-05-24T12:00:00+00:00,2026-05-24T15:00:00+00:00,3.0,Nott'm Forest,Bournemouth,home,3.55,2026-05-24T11:55:37+00:00,0.3253,0.3253,0.1547,0.12,10.0,False,"{'xg_weight': 0.7, 'matches_fit': 2280}",3h,,,,,,,moneyline,,,,,,3.65,2026-05-24T14:50:37+00:00,,-0.08708555767016402,,-0.06778481678948878,lost,1-1,-10.0,2026-05-24T15:00:00+00:00
